Source,Target,Id
63,63,1
63,63,2
63,56,3
63,55,4
63,55,5
63,53,6
63,53,7
63,53,8
63,53,9
63,53,10
63,47,11
63,45,12
63,45,13
63,41,14
63,41,15
63,41,16
63,41,17
63,41,18
63,41,19
63,41,20
63,41,21
63,41,22
63,41,23
63,35,24
63,33,25
63,33,26
63,28,27
63,28,28
63,28,29
63,28,30
63,28,31
63,23,32
63,15,33
63,15,34
63,15,35
63,6,36
63,5,37
63,5,38
62,41,39
62,25,40
62,5,41
61,41,42
61,41,43
61,28,44
61,5,45
60,53,46
60,28,47
60,28,48
60,6,49
59,41,50
58,41,51
57,56,52
57,56,53
57,56,54
57,56,55
57,28,56
57,28,57
57,8,58
56,57,59
56,56,60
56,56,61
56,56,62
56,56,63
56,56,64
56,56,65
56,56,66
56,56,67
56,56,68
56,56,69
56,56,70
56,53,71
56,53,72
56,53,73
56,53,74
56,53,75
56,28,76
56,28,77
56,28,78
56,28,79
56,11,80
56,11,81
56,8,82
56,8,83
55,53,84
55,5,85
53,63,86
53,63,87
53,60,88
53,56,89
53,56,90
53,55,91
53,53,92
53,53,93
53,53,94
53,53,95
53,53,96
53,53,97
53,53,98
53,53,99
53,53,100
53,41,101
53,41,102
53,41,103
53,41,104
53,33,105
53,28,106
53,6,107
53,6,108
53,6,109
53,6,110
53,6,111
53,6,112
53,5,113
53,5,114
52,28,115
52,5,116
51,22,117
51,5,118
50,41,119
50,41,120
50,18,121
50,5,122
49,29,123
49,10,124
48,5,125
48,5,126
47,35,127
46,43,128
45,41,129
45,29,130
45,5,131
44,60,132
44,53,133
44,53,134
44,60,135
44,6,136
43,63,137
43,63,138
43,43,139
43,41,140
43,41,141
43,41,142
43,41,143
43,41,144
43,41,145
43,28,146
43,28,147
43,28,148
43,28,149
43,28,150
43,28,151
43,28,152
43,23,153
43,23,154
43,5,155
42,24,156
42,24,157
42,24,158
42,5,159
41,63,160
41,63,161
41,63,162
41,63,163
41,63,164
41,63,165
41,63,166
41,63,167
41,63,168
41,63,169
41,63,170
41,63,171
41,63,172
41,63,173
41,63,174
41,63,175
41,63,176
41,63,177
41,61,178
41,59,179
41,58,180
41,56,181
41,55,182
41,55,183
41,55,184
41,53,185
41,53,186
41,53,187
41,53,188
41,53,189
41,53,190
41,53,191
41,53,192
41,48,193
41,45,194
41,45,195
41,45,196
41,45,197
41,43,198
41,43,199
41,43,200
41,43,201
41,43,202
41,43,203
41,43,204
41,43,205
41,41,206
41,41,207
41,41,208
41,41,209
41,41,210
41,41,211
41,41,212
41,41,213
41,41,214
41,41,215
41,41,216
41,41,217
41,41,218
41,41,219
41,41,220
41,41,221
41,41,222
41,41,223
41,41,224
41,41,225
41,41,226
41,41,227
41,41,228
41,41,229
41,41,230
41,41,231
41,41,232
41,41,233
41,41,234
41,41,235
41,41,236
41,41,237
41,41,238
41,41,239
41,41,240
41,41,241
41,41,242
41,41,243
41,41,244
41,41,245
41,41,246
41,41,247
41,41,248
41,41,249
41,41,250
41,41,251
41,41,252
41,41,253
41,41,254
41,41,255
41,41,256
41,41,257
41,41,258
41,40,259
41,39,260
41,39,261
41,39,262
41,39,263
41,39,264
41,35,265
41,34,266
41,32,267
41,29,268
41,29,269
41,28,270
41,28,271
41,28,272
41,28,273
41,28,274
41,28,275
41,28,276
41,28,277
41,28,278
41,28,279
41,28,280
41,28,281
41,28,282
41,28,283
41,28,284
41,28,285
41,28,286
41,28,287
41,28,288
41,28,289
41,28,290
41,28,291
41,28,292
41,28,293
41,28,294
41,28,295
41,28,296
41,28,297
41,28,298
41,28,299
41,28,300
41,28,301
41,28,302
41,28,303
41,28,304
41,28,305
41,28,306
41,28,307
41,28,308
41,28,309
41,28,310
41,28,311
41,23,312
41,23,313
41,23,314
41,23,315
41,23,316
41,23,317
41,21,318
41,21,319
41,21,320
41,19,321
41,18,322
41,16,323
41,16,324
41,16,325
41,12,326
41,12,327
41,11,328
41,11,329
41,11,330
41,11,331
41,6,332
41,6,333
41,6,334
41,6,335
41,5,336
41,5,337
41,5,338
41,5,339
41,5,340
41,5,341
41,5,342
41,5,343
41,5,344
41,5,345
41,5,346
41,5,347
41,5,348
41,5,349
41,5,350
41,5,351
41,5,352
41,5,353
41,5,354
41,5,355
41,5,356
40,28,357
39,63,358
39,63,359
39,45,360
39,43,361
39,41,362
39,41,363
39,21,364
39,16,365
39,5,366
36,55,367
35,63,368
35,47,369
35,35,370
35,34,371
35,5,372
35,5,373
34,5,374
33,15,375
33,63,376
33,53,377
32,28,378
29,56,379
29,41,380
29,30,381
29,21,382
29,5,383
28,63,384
28,56,385
28,56,386
28,55,387
28,54,388
28,53,389
28,53,390
28,53,391
28,43,392
28,43,393
28,41,394
28,41,395
28,41,396
28,41,397
28,41,398
28,41,399
28,41,400
28,41,401
28,41,402
28,41,403
28,41,404
28,41,405
28,41,406
28,41,407
28,41,408
28,41,409
28,41,410
28,41,411
28,41,412
28,41,413
28,41,414
28,41,415
28,41,416
28,41,417
28,41,418
28,41,419
28,41,420
28,38,421
28,37,422
28,35,423
28,35,424
28,34,425
28,34,426
28,32,427
28,32,428
28,31,429
28,28,430
28,28,431
28,28,432
28,28,433
28,28,434
28,28,435
28,28,436
28,28,437
28,28,438
28,28,439
28,28,440
28,28,441
28,28,442
28,28,443
28,28,444
28,28,445
28,28,446
28,28,447
28,28,448
28,28,449
28,28,450
28,28,451
28,28,452
28,28,453
28,28,454
28,28,455
28,28,456
28,28,457
28,28,458
28,28,459
28,28,460
28,28,461
28,28,462
28,28,463
28,28,464
28,28,465
28,28,466
28,28,467
28,28,468
28,28,469
28,28,470
28,28,471
28,28,472
28,28,473
28,28,474
28,28,475
28,23,476
28,19,477
28,14,478
28,12,479
28,11,480
28,11,481
28,11,482
28,11,483
28,11,484
28,8,485
28,8,486
28,6,487
28,5,488
28,5,489
28,5,490
28,5,491
28,5,492
28,5,493
28,5,494
27,32,495
26,23,496
25,62,497
25,41,498
25,41,499
25,28,500
25,25,501
25,5,502
25,5,503
25,25,504
24,7,505
24,5,506
24,5,507
23,63,508
23,63,509
23,50,510
23,45,511
23,45,512
23,43,513
23,41,514
23,41,515
23,41,516
23,41,517
23,41,518
23,41,519
23,39,520
23,39,521
23,28,522
23,28,523
23,28,524
23,23,525
23,23,526
23,23,527
23,21,528
23,18,529
23,17,530
23,16,531
23,5,532
23,5,533
23,5,534
21,63,535
21,63,536
21,47,537
21,43,538
21,41,539
21,41,540
21,41,541
21,41,542
21,41,543
21,41,544
21,41,545
21,41,546
21,35,547
21,35,548
21,28,549
21,28,550
21,28,551
21,28,552
21,28,553
21,28,554
21,28,555
21,28,556
21,16,557
21,5,558
20,5,559
18,41,560
17,50,561
17,41,562
17,41,563
17,18,564
17,5,565
17,5,566
16,63,567
16,63,568
16,63,569
16,43,570
16,41,571
16,41,572
16,28,573
16,28,574
13,28,575
13,28,576
13,28,577
13,28,578
12,43,579
12,28,580
12,5,581
11,49,582
11,63,583
11,56,584
11,56,585
11,55,586
11,41,587
11,41,588
11,41,589
11,41,590
11,41,591
11,41,592
11,28,593
11,28,594
11,28,595
11,24,596
11,5,597
9,53,598
8,56,599
8,56,600
8,28,601
8,8,602
6,63,603
6,63,604
6,55,605
6,53,606
6,53,607
6,53,608
6,41,609
6,41,610
6,28,611
6,6,612
6,5,613
6,5,614
5,63,615
5,55,616
5,53,617
5,53,618
5,50,619
5,43,620
5,41,621
5,41,622
5,41,623
5,41,624
5,41,625
5,41,626
5,30,627
5,29,628
5,28,629
5,28,630
5,22,631
5,18,632
5,18,633
5,16,634
5,5,635
5,5,636
4,41,637
4,41,638
3,41,639
2,43,640
2,41,641
2,28,642
2,26,643
2,23,644
1,41,645
1,41,646
1,41,647
1,41,648
